ccfe7080-82e1-44ff-ab21-69ef4236b68c,-,Tokyo,Asia,Japan,49.97.102.110,35.685,"35.685,139.7514",139.75,-,Ntt Docomo,-,Tokyo,2014-09-03T11:54:16
a4dfbd94-435b-4330-a302-5d40813a711d,408,San Jose,North America,United States,12.111.84.106,37.339,"37.3394,-121.895",-121.89,807,AT&T Services,-,California,2014-09-04T22:54:00
e3fa42f7-20fb-4ab4-96e4-eeaf96367110,512,Austin,North America,United States,173.174.34.250,30.206,"30.2058,-97.8002",-97.8,635,Time Warner Cable,78745,Texas,2014-08-13T06:59:47
377d90b6-8d44-4c89-810d-6214f134a903,512,Austin,North America,United States,173.174.40.141,30.168,"30.1678,-97.8225",-97.823,635,Time Warner Cable,78748,Texas,2014-09-06T12:45:24
bcfbd4fd-7d0d-4bdf-a653-124b17e853cd,512,Austin,North America,United States,173.174.34.250,30.206,"30.2058,-97.8002",-97.8,635,Time Warner Cable,78745,Texas,2014-08-13T06:59:57
9452a7a6-4dba-46cb-8173-85ce5767fb7e,512,Austin,North America,United States,173.174.34.250,30.206,"30.2058,-97.8002",-97.8,635,Time Warner Cable,78745,Texas,2014-08-12T22:52:43
5c0aeded-89a4-4f67-bde6-0192a307e579,408,San Jose,North America,United States,12.111.84.106,37.339,"37.3394,-121.895",-121.89,807,AT&T Services,-,California,2014-09-09T16:35:35
91a3861f-7a95-4482-bde0-0a80ab5b7322,,,,,173.174.40.141,0,"0.0,0.0",0,,,,,2014-11-11T09:47:19
0442aed1-3f69-498b-90ae-d2def39f61bc,408,San Jose,North America,United States,12.111.84.106,37.339,"37.3394,-121.895",-121.89,807,AT&T Services,-,California,2014-09-07T21:28:19
05e39a09-3e84-496a-b1d6-886cfbbb3f1f,408,San Jose,North America,United States,12.111.84.106,37.339,"37.3394,-121.895",-121.89,807,AT&T Services,-,California,2014-07-23T20:47:35
633fd7c1-c3a1-487a-94ff-02607b8efffa,-,Toronto,North America,Canada,69.165.178.18,43.667,"43.6667,-79.4167",-79.417,-,Yak Communications (Canada) Corp,-,Ontario,2014-07-25T05:08:17
c15cfcd6-d97b-4cf0-84c7-e83a7572c1c6,719,Como,North America,United States,12.69.21.253,39.316,"39.3161,-105.8928",-105.89,751,Marriott International,80432,Colorado,2014-08-14T22:16:16
684bc2d8-9b7c-4c8a-8b2c-1dfb242fbfd8,408,San Jose,North America,United States,12.111.84.106,37.339,"37.3394,-121.895",-121.89,807,AT&T Services,-,California,2014-09-05T18:47:24
29e84f3a-ae11-4bbf-a165-377774301063,510,Alameda,North America,United States,173.13.168.241,37.765,"37.7652,-122.2416",-122.24,807,Marriott Fishermans Wharf,-,California,2014-09-08T19:44:47
06619c2e-83c4-4458-b99c-b53be7e510ba,978,Sterling,North America,United States,76.19.124.254,42.439,"42.4393,-71.7769",-71.777,506,Comcast Cable,01564,Massachusetts,2014-08-12T14:46:48
52d193af-104a-4bab-a1f9-c6ecfb3258b5,,,,,90.152.1.163,0,"0.0,0.0",0,,,,,2014-11-26T15:06:02
86aeafc7-68b0-4e5c-b88b-08ffe4cde039,510,Fremont,North America,United States,24.6.47.213,37.516,"37.5155,-121.8962",-121.9,807,Comcast Cable,94539,California,2014-08-12T04:03:48
1ec4cf10-9058-42fe-8bb5-efdeb44a827f,978,Sterling,North America,United States,76.19.124.254,42.439,"42.4393,-71.7769",-71.777,506,Comcast Cable,01564,Massachusetts,2014-08-21T13:02:42
cff86ee9-741c-4c11-8892-2166efd7f94e,512,Austin,North America,United States,173.174.34.250,30.206,"30.2058,-97.8002",-97.8,635,Time Warner Cable,78745,Texas,2014-08-13T06:58:50
f8bdbc26-3f3d-448f-8f47-b8b87bcf6676,512,Austin,North America,United States,173.174.40.141,30.168,"30.1678,-97.8225",-97.823,635,Time Warner Cable,78748,Texas,2014-09-07T19:15:06
15da4523-78d5-43f5-99c7-fa17a216380a,408,San Jose,North America,United States,12.111.84.106,37.339,"37.3394,-121.895",-121.89,807,AT&T Services,-,California,2014-09-04T22:54:23
8740b689-81b6-4dae-9e5b-fd864920b356,408,San Jose,North America,United States,12.111.84.106,37.339,"37.3394,-121.895",-121.89,807,AT&T Services,-,California,2014-09-05T18:47:46
00547fab-59bf-4f33-9088-0b35f4c7fc82,-,-,North America,United States,8.28.16.254,38,"38.0,-97.0",-97,-,Bluecoat Systems,-,-,2014-08-15T17:55:47
e08b83f9-571b-44e6-a5de-f82517cd4217,408,San Jose,North America,United States,12.111.84.106,37.339,"37.3394,-121.895",-121.89,807,AT&T Services,-,California,2014-09-09T17:00:34
737b867b-2778-4013-9d90-bdeda190cc57,212,New York,North America,United States,207.237.102.71,40.714,"40.7143,-74.006",-74.006,501,RCN,-,New York,2014-08-26T16:15:50
d6ac137c-cc25-4c2f-b662-9878a71f3b42,480,Mesa,North America,United States,66.17.81.2,33.422,"33.4223,-111.8226",-111.82,753,"Sparkplug Southwest, LLC.",-,Arizona,2014-08-25T19:00:56
4d5b7c04-6342-4bca-a728-33a2df339237,,,,,12.111.84.106,0,"0.0,0.0",0,,,,,2014-09-22T22:53:19
f3717ecf-4687-4a0c-b7c0-7b6df9ec43e1,856,Moorestown,North America,United States,24.104.73.13,39.976,"39.9757,-74.9439",-74.944,504,Comcast Telecommunications,08057,New Jersey,2014-09-11T14:19:58
36d38775-5769-448a-a799-5caff2435e10,512,Austin,North America,United States,173.174.34.250,30.206,"30.2058,-97.8002",-97.8,635,Time Warner Cable,78745,Texas,2014-08-12T23:07:45
78c55d9e-6216-43b1-ba36-c86e80061825,212,New York,North America,United States,12.192.102.2,40.759,"40.7588,-73.968",-73.968,501,Marriott International,10022,New York,2014-08-27T15:09:34
8d66f0a9-fb34-48fe-933d-a25ca4a83ea2,616,Grand Rapids,North America,United States,76.235.161.246,42.963,"42.9634,-85.6681",-85.668,563,AT&T Internet Services,-,Michigan,2014-08-31T13:39:23
419ead0a-2dfc-4b27-b9e6-8613311d538f,770,Dallas,North America,United States,76.20.212.209,33.992,"33.9922,-84.855",-84.855,524,Comcast Cable,30132,Georgia,2014-08-23T19:14:55
0e5e9fc8-7923-4ab0-b9bf-6de738b2f113,512,Austin,North America,United States,173.174.34.250,30.206,"30.2058,-97.8002",-97.8,635,Time Warner Cable,78745,Texas,2014-08-13T06:59:15
479236f3-9b3e-4d4b-9d0f-431d8ce82d04,781,Woburn,North America,United States,96.237.174.179,42.49,"42.4897,-71.1595",-71.159,506,Verizon FiOS,01801,Massachusetts,2014-08-12T17:42:27
bd12bacf-22cb-44af-9839-26c729684a9d,,,,,76.20.212.209,0,"0.0,0.0",0,,,,,2014-09-20T02:16:17
3a148545-19f4-4fd6-91d6-2d66ddc7c8f9,408,San Jose,North America,United States,12.111.84.106,37.339,"37.3394,-121.895",-121.89,807,AT&T Services,-,California,2014-09-05T18:48:22
1e87ba02-bcc4-470e-8898-b3c8afbd5f84,831,Monterey,North America,United States,173.167.114.65,36.6,"36.6002,-121.8947",-121.89,828,Comcast Business Communications,-,California,2014-08-13T16:30:39
6b100b35-b53c-4a83-9f34-978a476e64b9,512,Austin,North America,United States,173.174.34.250,30.206,"30.2058,-97.8002",-97.8,635,Time Warner Cable,78745,Texas,2014-08-12T22:51:37
6f746702-5056-4cb3-8805-87c03e8b6c84,630,Batavia,North America,United States,162.224.224.13,41.839,"41.8392,-88.3612",-88.361,602,AT&T U-verse,60510,Illinois,2014-09-06T02:19:25
ed717840-69a4-421c-befb-067762a46804,,,,,96.237.174.179,0,"0.0,0.0",0,,,,,2014-10-15T12:30:23
7ffd92ea-38c7-41dc-ab3d-63b9a262734b,609,Princeton,North America,United States,69.171.248.1,40.376,"40.3756,-74.6597",-74.66,504,Facebook,08540,New Jersey,2014-08-25T19:48:09
af458cf7-2bde-432f-a966-e4b9091da37f,512,Austin,North America,United States,173.174.34.250,30.206,"30.2058,-97.8002",-97.8,635,Time Warner Cable,78745,Texas,2014-08-12T22:51:22
c9c92f51-1f14-4702-951b-396cfaebed15,609,Princeton,North America,United States,69.171.248.0,40.376,"40.3756,-74.6597",-74.66,504,Facebook,08540,New Jersey,2014-08-25T19:48:09
ef870573-3c2a-4f3a-a467-7a0177fb742d,512,Austin,North America,United States,173.174.34.250,30.206,"30.2058,-97.8002",-97.8,635,Time Warner Cable,78745,Texas,2014-08-12T21:48:50
6cdc677f-a1f5-401a-9717-4b2477bfa95d,408,San Jose,North America,United States,12.111.84.106,37.339,"37.3394,-121.895",-121.89,807,AT&T Services,-,California,2014-09-09T03:26:33
bc9570bb-eb62-46fc-956a-ce260429e469,510,Oakland,North America,United States,70.197.17.10,37.804,"37.8044,-122.2708",-122.27,807,Verizon Wireless,-,California,2014-08-14T22:48:24
f1ddccef-0c1c-4047-9580-368de9be5d40,,,,,207.237.102.71,0,"0.0,0.0",0,,,,,2014-11-08T23:46:00
0f6d4cd8-fc02-4b31-9ce5-cd3a022ef0bd,408,San Jose,North America,United States,12.111.84.106,37.339,"37.3394,-121.895",-121.89,807,AT&T Services,-,California,2014-09-09T18:37:26
64bf499b-3649-4469-acee-4c130a9fee86,512,Austin,North America,United States,173.174.40.141,30.168,"30.1678,-97.8225",-97.823,635,Time Warner Cable,78748,Texas,2014-09-06T12:35:16
52e857f5-9511-49e0-be8e-524573041833,650,Menlo Park,North America,United States,173.252.114.117,37.459,"37.459,-122.1781",-122.18,807,Facebook,94025,California,2014-08-25T19:48:09
7216b9d9-64a6-4257-a3af-462397747f74,408,San Jose,North America,United States,12.111.84.106,37.339,"37.3394,-121.895",-121.89,807,AT&T Services,-,California,2014-09-04T22:54:39
431e8dbc-1b5e-4f87-9ed6-06e2b3b7f066,512,Austin,North America,United States,173.174.34.250,30.206,"30.2058,-97.8002",-97.8,635,Time Warner Cable,78745,Texas,2014-08-12T16:12:54
636181ba-36dc-4e25-9bec-0e31d9f6418e,408,San Jose,North America,United States,12.111.84.106,37.339,"37.3394,-121.895",-121.89,807,AT&T Services,-,California,2014-09-04T17:36:52
d5255561-7d70-4f26-938d-7d959ff638ab,630,Batavia,North America,United States,162.224.224.13,41.839,"41.8392,-88.3612",-88.361,602,AT&T U-verse,60510,Illinois,2014-08-15T22:11:55
d1abb9a3-016e-4a5c-89c2-36eb92d2172d,856,Moorestown,North America,United States,24.104.73.13,39.976,"39.9757,-74.9439",-74.944,504,Comcast Telecommunications,08057,New Jersey,2014-09-11T17:02:55
5cae2d03-a7d2-4be8-a87c-ab104e2a756f,408,San Jose,North America,United States,12.111.84.106,37.339,"37.3394,-121.895",-121.89,807,AT&T Services,-,California,2014-08-21T21:42:08
2561a553-179f-4ddc-8823-2894a693a055,770,Smyrna,North America,United States,207.11.113.30,33.863,"33.8633,-84.4984",-84.498,524,The Home Depot,30080,Georgia,2014-08-15T17:55:47
30d25427-461f-41b5-8941-266ee10b30e4,,,,,173.174.40.141,0,"0.0,0.0",0,,,,,2014-09-25T09:11:58
8ab4ec47-6577-4f1b-87d6-acfcb777cc22,770,Dallas,North America,United States,76.20.213.99,33.865,"33.8651,-84.8948",-84.895,524,Comcast Cable,30157,Georgia,2014-07-15T16:00:07
ebb72fc7-e335-451a-991a-39d68acc62ec,512,Austin,North America,United States,173.174.34.250,30.206,"30.2058,-97.8002",-97.8,635,Time Warner Cable,78745,Texas,2014-08-12T22:46:05
85cdb641-e27b-4013-9263-ae15ead9e417,510,Fremont,North America,United States,73.162.131.52,37.516,"37.5155,-121.8962",-121.9,807,Comcast Cable,94539,California,2014-09-11T07:21:27
5d05d94c-eb98-4725-9dac-8e4c3d8c2621,770,Dallas,North America,United States,76.20.212.209,33.992,"33.9922,-84.855",-84.855,524,Comcast Cable,30132,Georgia,2014-08-29T18:05:14
31c2589f-9364-4a08-a471-ea4c42ea1c05,630,Batavia,North America,United States,162.224.224.13,41.839,"41.8392,-88.3612",-88.361,602,AT&T U-verse,60510,Illinois,2014-08-29T14:14:05
81fbc800-a2be-4214-84dc-81e5e17a63f6,408,Milpitas,North America,United States,73.189.34.144,37.44,"37.4404,-121.8705",-121.87,807,Comcast Cable,95035,California,2014-08-12T03:28:02
fea213e3-b4f7-40f7-bbd5-0e129a382e2d,512,Austin,North America,United States,173.174.34.250,30.206,"30.2058,-97.8002",-97.8,635,Time Warner Cable,78745,Texas,2014-08-12T23:25:43
164ac50c-505c-4c35-9d77-f55fa6f7f192,512,Austin,North America,United States,173.174.34.250,30.206,"30.2058,-97.8002",-97.8,635,Time Warner Cable,78745,Texas,2014-08-12T23:25:55
177aa83a-b184-4ae4-a4bc-8b5e9c677a6d,512,Austin,North America,United States,173.174.34.250,30.206,"30.2058,-97.8002",-97.8,635,Time Warner Cable,78745,Texas,2014-08-13T02:26:39
b63f1219-6146-4c83-8111-ff33e32f6405,408,San Jose,North America,United States,12.111.84.106,37.339,"37.3394,-121.895",-121.89,807,AT&T Services,-,California,2014-09-05T23:36:23
85e79cfb-c10c-443e-b714-a8ba25740179,,,,,50.200.68.226,0,"0.0,0.0",0,,,,,2014-09-24T02:29:06
15f2e219-1948-495c-9a38-e6c847ccd36e,512,Austin,North America,United States,173.174.40.141,30.168,"30.1678,-97.8225",-97.823,635,Time Warner Cable,78748,Texas,2014-09-06T21:17:05
71668709-bc41-4032-9285-8246517615c1,512,Austin,North America,United States,173.174.40.141,30.168,"30.1678,-97.8225",-97.823,635,Time Warner Cable,78748,Texas,2014-09-06T13:02:56
9bd03a87-bd7e-48f2-aab9-468375dea55d,408,San Jose,North America,United States,12.111.84.106,37.339,"37.3394,-121.895",-121.89,807,AT&T Services,-,California,2014-09-09T20:24:13
d8394765-e628-4a97-90a1-d5e75ce1b959,408,San Jose,North America,United States,12.111.84.106,37.339,"37.3394,-121.895",-121.89,807,AT&T Services,-,California,2014-09-05T09:37:07
bd4a6dcf-7e72-4b72-af8a-32371b1d4c56,408,San Jose,North America,United States,12.111.84.106,37.339,"37.3394,-121.895",-121.89,807,AT&T Services,-,California,2014-09-04T17:23:36
0a9e1614-f1a8-4894-b493-e6caabcdc439,616,Grand Rapids,North America,United States,76.235.161.246,42.963,"42.9634,-85.6681",-85.668,563,AT&T Internet Services,-,Michigan,2014-08-31T01:27:59
b69fb94f-51c5-4388-92e0-8c7b107a43c9,408,San Jose,North America,United States,12.111.84.106,37.339,"37.3394,-121.895",-121.89,807,AT&T Services,-,California,2014-09-05T18:53:38
f40a5f20-1148-453b-b5d1-12d3a7ab7264,408,San Jose,North America,United States,12.111.84.106,37.339,"37.3394,-121.895",-121.89,807,AT&T Services,-,California,2014-09-04T22:13:40
fa50093b-c6d2-4d75-88ef-ab7cf19a91fc,,,,,24.98.27.182,0,"0.0,0.0",0,,,,,2014-10-13T06:05:11
f51c6682-cf76-4a17-aa1f-00f5df04b2fe,415,San Francisco,North America,United States,66.202.176.106,37.781,"37.7811,-122.4625",-122.46,807,"Regus Business Center, LLC",94118,California,2014-09-08T15:37:12
15f33f7a-a623-4689-a6b9-9d2c193cd533,330,Kensington,North America,United States,173.252.110.119,40.721,"40.7212,-80.948",-80.948,536,Facebook,44427,Ohio,2014-08-18T16:54:58
2f357849-2b11-4dba-9c70-1fe9ac8c4928,,,,,24.98.27.182,0,"0.0,0.0",0,,,,,2014-09-24T19:02:36
08866e72-3373-4b84-9821-d2c2528a6a68,408,San Jose,North America,United States,12.111.84.106,37.339,"37.3394,-121.895",-121.89,807,AT&T Services,-,California,2014-09-09T17:00:46
f6c94c6d-43f6-4665-8dcd-ad9f44824e04,408,San Jose,North America,United States,12.111.84.106,37.339,"37.3394,-121.895",-121.89,807,AT&T Services,-,California,2014-09-05T20:29:52
35c4ab3b-f03e-4d20-a83a-e03fb05516e0,856,Moorestown,North America,United States,24.104.73.13,39.976,"39.9757,-74.9439",-74.944,504,Comcast Telecommunications,08057,New Jersey,2014-09-11T00:17:51
8463f26a-4e88-4cd2-a842-b9c6f29a4a05,719,Como,North America,United States,12.69.21.253,39.316,"39.3161,-105.8928",-105.89,751,Marriott International,80432,Colorado,2014-08-15T13:53:35
c35c635c-88e5-45a6-b206-85da39d938dc,415,San Francisco,North America,United States,66.202.176.106,37.781,"37.7811,-122.4625",-122.46,807,"Regus Business Center, LLC",94118,California,2014-09-05T21:02:34
9f02e81a-9bb4-449b-a2e5-9bd45e38d3b6,212,New York,North America,United States,207.237.102.71,40.714,"40.7143,-74.006",-74.006,501,RCN,-,New York,2014-08-21T18:26:59
3b61cb6a-4d65-40c4-b0eb-c1013598e4c3,609,Princeton,North America,United States,173.252.103.2,40.376,"40.3756,-74.6597",-74.66,504,Facebook,08540,New Jersey,2014-08-18T16:55:00
056dc52b-bc2f-40d1-ba6c-18c6ac7b6396,,,,,76.20.213.99,0,"0.0,0.0",0,,,,,2014-08-13T21:36:42
377cd8d1-b14d-44f9-84d0-79b3e30d0b23,-,-,North America,United States,70.208.14.184,38,"38.0,-97.0",-97,-,Verizon Wireless,-,-,2014-08-19T15:58:19
ea953709-8864-49fa-887b-e4a688fc3537,408,San Jose,North America,United States,12.111.84.106,37.339,"37.3394,-121.895",-121.89,807,AT&T Services,-,California,2014-08-18T16:51:42
504a794f-813a-44bb-ac31-5388c1a5fb73,480,Mesa,North America,United States,66.17.81.2,33.422,"33.4223,-111.8226",-111.82,753,"Sparkplug Southwest, LLC.",-,Arizona,2014-08-25T16:39:51
a901a33d-91fc-4c55-8b61-e06bd78905fe,610,Exton,North America,United States,96.245.114.98,40.041,"40.0409,-75.6374",-75.637,504,Verizon FiOS,19341,Pennsylvania,2014-07-15T15:58:13
8809f9e6-24d9-444b-ae03-be241540de64,512,Austin,North America,United States,173.174.40.141,30.168,"30.1678,-97.8225",-97.823,635,Time Warner Cable,78748,Texas,2014-09-06T13:02:04
35c7e5ac-ed8f-4f33-ba7f-f724102622e7,510,Richmond,North America,United States,66.87.119.86,37.936,"37.9358,-122.3478",-122.35,807,Sprint PCS,-,California,2014-08-25T23:32:38
25b8a570-29d9-4254-b14b-d7971e59a2cb,408,San Jose,North America,United States,12.111.84.106,37.339,"37.3394,-121.895",-121.89,807,AT&T Services,-,California,2014-09-09T18:19:18
b223cefd-0230-4c6a-a81f-ef526443b70a,770,Dallas,North America,United States,76.20.212.209,33.992,"33.9922,-84.855",-84.855,524,Comcast Cable,30132,Georgia,2014-08-30T13:55:55
cf740c7a-37c6-4faf-88c2-8edd009232f1,512,Austin,North America,United States,173.174.40.141,30.168,"30.1678,-97.8225",-97.823,635,Time Warner Cable,78748,Texas,2014-09-06T13:09:59
d28eeaba-b946-41a7-9d5f-0a272800f0b9,,,,,75.17.117.50,0,"0.0,0.0",0,,,,,2014-11-18T00:01:16
b88166fc-892d-4bcb-9263-b71cef41d780,781,Woburn,North America,United States,96.237.174.179,42.49,"42.4897,-71.1595",-71.159,506,Verizon FiOS,01801,Massachusetts,2014-08-12T16:43:35
f8ae6742-fc13-47a2-8428-025197fa5cfd,512,Austin,North America,United States,173.174.40.141,30.168,"30.1678,-97.8225",-97.823,635,Time Warner Cable,78748,Texas,2014-09-06T12:37:44
a7b6ec79-6d2a-4c99-827b-2432f99798f6,-,Tokyo,Asia,Japan,1.75.247.139,35.685,"35.685,139.7514",139.75,-,Ntt Docomo,-,Tokyo,2014-09-04T06:35:12
d7cc210c-64c7-407c-ba75-0bdaddb13938,330,Kensington,North America,United States,173.252.110.116,40.721,"40.7212,-80.948",-80.948,536,Facebook,44427,Ohio,2014-08-18T16:54:58
cf0fd722-53f6-48d2-8c81-da7591256a45,415,San Francisco,North America,United States,69.38.216.127,37.775,"37.7749,-122.4194",-122.42,807,Westin St Francis,-,California,2014-09-11T18:42:35
5a20c776-44f0-4984-b836-f8506a726f77,770,Dallas,North America,United States,76.20.212.209,33.992,"33.9922,-84.855",-84.855,524,Comcast Cable,30132,Georgia,2014-08-22T13:49:55
f85ea3a4-b433-4b53-9d8e-668b3233a1f9,408,San Jose,North America,United States,12.111.84.106,37.339,"37.3394,-121.895",-121.89,807,AT&T Services,-,California,2014-09-09T03:12:19
28821787-fb5f-41cd-97bd-5678cf774d72,408,San Jose,North America,United States,12.111.84.106,37.339,"37.3394,-121.895",-121.89,807,AT&T Services,-,California,2014-09-05T18:47:34
34ab5bc9-c5c5-455a-9cc6-24e70ec9dd4b,512,Austin,North America,United States,173.174.34.250,30.206,"30.2058,-97.8002",-97.8,635,Time Warner Cable,78745,Texas,2014-08-13T02:23:33
3e3bdd30-bc57-4d2a-a903-d3ee57f925e0,,,,,12.111.84.106,0,"0.0,0.0",0,,,,,2014-11-11T19:23:14
e2655a83-e9a4-4575-a28a-af13a25bb9d0,408,San Jose,North America,United States,12.111.84.106,37.339,"37.3394,-121.895",-121.89,807,AT&T Services,-,California,2014-09-04T22:13:24
001730c0-7ed1-48b1-a068-26eb9482b5de,510,Fremont,North America,United States,24.6.47.213,37.516,"37.5155,-121.8962",-121.9,807,Comcast Cable,94539,California,2014-08-25T19:47:57
833aa753-e2b8-46f7-99b5-37425455b91e,770,Dallas,North America,United States,76.20.212.209,33.992,"33.9922,-84.855",-84.855,524,Comcast Cable,30132,Georgia,2014-08-27T20:15:33
5b4be3eb-9531-403b-b84b-0051b983e699,408,San Jose,North America,United States,12.111.84.106,37.339,"37.3394,-121.895",-121.89,807,AT&T Services,-,California,2014-08-12T18:17:13
d8765629-2c2a-44c2-a7af-d0cc26d540e2,408,San Jose,North America,United States,12.111.84.106,37.339,"37.3394,-121.895",-121.89,807,AT&T Services,-,California,2014-09-05T00:03:59
420ac194-2999-4f5b-a2e6-287f243a20b6,770,Dallas,North America,United States,76.20.212.209,33.992,"33.9922,-84.855",-84.855,524,Comcast Cable,30132,Georgia,2014-08-20T17:47:05
16951f20-75c7-4771-a96a-2e4697aa2d43,330,Kensington,North America,United States,173.252.80.115,40.721,"40.7212,-80.948",-80.948,536,Facebook,44427,Ohio,2014-08-18T16:55:01
8029a91b-f7ea-4b86-a4d4-0666cbf3d670,408,San Jose,North America,United States,12.111.84.106,37.339,"37.3394,-121.895",-121.89,807,AT&T Services,-,California,2014-09-05T18:42:02
6cfa3da0-2706-4c66-bb27-dcfaf0ba5a00,206,Seattle,North America,United States,198.134.93.254,47.606,"47.6062,-122.3321",-122.33,819,CenturyLink,-,Washington,2014-09-04T14:08:07
c653376f-5677-4801-89b8-ff725c8c2168,330,Kensington,North America,United States,173.252.110.113,40.721,"40.7212,-80.948",-80.948,536,Facebook,44427,Ohio,2014-08-25T19:48:07
e7e47358-f9f0-4f19-bd27-a88481d54c8c,,,,,90.152.1.163,0,"0.0,0.0",0,,,,,2014-11-10T10:04:52
44aac59d-3b59-421a-8548-80fcb2e05ff7,-,-,North America,United States,75.104.65.119,38,"38.0,-97.0",-97,-,Viasat Communications,-,-,2014-09-08T15:09:51
fde8d529-9d39-4aae-9653-9df43e1184b4,770,Dallas,North America,United States,76.20.212.209,33.992,"33.9922,-84.855",-84.855,524,Comcast Cable,30132,Georgia,2014-08-31T16:11:06
e6ba00f6-f412-4e41-ae2b-5af28dd6c339,512,Austin,North America,United States,173.174.40.141,30.168,"30.1678,-97.8225",-97.823,635,Time Warner Cable,78748,Texas,2014-09-06T13:17:40
70ee3a20-67cc-4c58-b69f-59a51f5e65d4,-,-,North America,United States,64.134.97.30,38,"38.0,-97.0",-97,-,AT&T Wi-Fi Services,-,-,2014-07-23T12:50:35
507d6448-b2a4-46fb-9c34-161a045ebc73,781,Woburn,North America,United States,96.237.174.179,42.49,"42.4897,-71.1595",-71.159,506,Verizon FiOS,01801,Massachusetts,2014-07-22T04:14:11
f74d89ea-1362-4196-938e-91a74d45ca97,408,San Jose,North America,United States,12.111.84.106,37.339,"37.3394,-121.895",-121.89,807,AT&T Services,-,California,2014-09-04T17:47:39
b4968970-c437-4635-b0e1-938585066a22,408,San Jose,North America,United States,12.111.84.106,37.339,"37.3394,-121.895",-121.89,807,AT&T Services,-,California,2014-09-08T15:48:10
aacc8c71-2aca-4118-ade4-2c7c66832329,330,Kensington,North America,United States,173.252.110.119,40.721,"40.7212,-80.948",-80.948,536,Facebook,44427,Ohio,2014-08-18T16:54:58
7c2af435-ba7d-4aaa-b13c-be72de300f2c,512,Austin,North America,United States,173.174.34.250,30.206,"30.2058,-97.8002",-97.8,635,Time Warner Cable,78745,Texas,2014-08-12T22:50:58
81ef8c1e-e803-475f-b34d-a7782c4f1382,408,San Jose,North America,United States,12.111.84.106,37.339,"37.3394,-121.895",-121.89,807,AT&T Services,-,California,2014-08-20T22:20:41
2bd00d8e-9770-4797-9f51-6e36326cb2b1,512,Austin,North America,United States,173.174.40.141,30.168,"30.1678,-97.8225",-97.823,635,Time Warner Cable,78748,Texas,2014-09-06T13:44:27
f9528c08-821d-4355-a59b-7818aaa68384,512,Austin,North America,United States,173.174.34.250,30.206,"30.2058,-97.8002",-97.8,635,Time Warner Cable,78745,Texas,2014-08-13T07:00:17
0e565903-d02c-494f-9826-80ffe77aff48,-,-,North America,United States,12.199.206.2,34.052,"34.0522,-118.2437",-118.24,-,Marriott International,-,California,2014-08-27T15:55:51
333c8c56-3b9e-4fd5-a7d9-72a407ffaa4b,408,San Jose,North America,United States,12.111.84.106,37.339,"37.3394,-121.895",-121.89,807,AT&T Services,-,California,2014-09-04T22:55:46
fc8b2ea3-bd1f-47a2-ba30-875a971299c3,404,Atlanta,North America,United States,208.52.180.58,33.793,"33.793,-84.4432",-84.443,524,BroadRiver Communication Corp.,30318,Georgia,2014-08-28T13:03:28
269ed6c8-2338-439b-bda0-20e31fe4eb35,510,Fremont,North America,United States,108.83.20.176,37.508,"37.5079,-121.9599",-121.96,807,AT&T U-verse,94538,California,2014-08-25T19:48:44
601258de-eedc-41b7-8854-06e7d2ed17d0,512,Austin,North America,United States,173.174.40.141,30.168,"30.1678,-97.8225",-97.823,635,Time Warner Cable,78748,Texas,2014-09-06T11:53:27
77119690-6101-4b52-9f00-ba36428e70d5,512,Austin,North America,United States,173.174.34.250,30.206,"30.2058,-97.8002",-97.8,635,Time Warner Cable,78745,Texas,2014-08-13T02:02:32
915d92be-476f-47e8-89fc-aec003748bff,856,Moorestown,North America,United States,24.104.73.13,39.976,"39.9757,-74.9439",-74.944,504,Comcast Telecommunications,08057,New Jersey,2014-09-10T19:56:12
d0c38ef4-2f82-468c-af90-c74f982157e0,408,San Jose,North America,United States,12.111.84.106,37.339,"37.3394,-121.895",-121.89,807,AT&T Services,-,California,2014-09-05T08:36:25
bc0531b4-d053-4de9-9fcd-e0b94819a976,770,Dallas,North America,United States,76.20.213.99,33.865,"33.8651,-84.8948",-84.895,524,Comcast Cable,30157,Georgia,2014-08-12T16:35:04
528a0632-d823-4b73-b733-9d6b7321affa,,,,,90.152.1.163,0,"0.0,0.0",0,,,,,2014-11-21T11:19:41
801d2917-860a-424c-aaba-1b941982bab1,,,,,166.205.67.38,0,"0.0,0.0",0,,,,,2014-09-28T14:07:19
1ac234aa-bd6f-4e67-a1ce-db6960ba74ac,,,,,173.174.40.141,0,"0.0,0.0",0,,,,,2014-11-26T23:20:06
e0c6ff46-63a9-44f4-bad4-491f9382568e,,,,,68.177.128.98,0,"0.0,0.0",0,,,,,2014-09-29T22:26:51
75d342f4-35fb-4392-897d-dd1cda8fa9c1,408,San Jose,North America,United States,12.111.84.106,37.339,"37.3394,-121.895",-121.89,807,AT&T Services,-,California,2014-09-09T17:00:40
0d17f507-2072-4d54-a91c-a056fa2f9e42,408,San Jose,North America,United States,12.111.84.106,37.339,"37.3394,-121.895",-121.89,807,AT&T Services,-,California,2014-09-04T22:57:14
3f185342-fd0a-4e86-9acc-8129b453a140,781,Woburn,North America,United States,96.237.174.179,42.49,"42.4897,-71.1595",-71.159,506,Verizon FiOS,01801,Massachusetts,2014-08-12T00:35:32
5effca3d-0eac-4fe6-a25f-df44848b0a0f,610,Exton,North America,United States,96.245.114.98,40.041,"40.0409,-75.6374",-75.637,504,Verizon FiOS,19341,Pennsylvania,2014-07-15T16:13:20
d8f2bcca-144f-43b4-a385-5a2d9c9d1563,415,San Francisco,North America,United States,66.202.176.106,37.781,"37.7811,-122.4625",-122.46,807,"Regus Business Center, LLC",94118,California,2014-09-05T21:01:48
307dc0e5-e358-4055-8455-460e568051b0,408,San Jose,North America,United States,12.111.84.106,37.339,"37.3394,-121.895",-121.89,807,AT&T Services,-,California,2014-09-09T17:00:34
4210575c-370f-492f-9535-903ecbac2b69,408,San Jose,North America,United States,12.111.84.106,37.339,"37.3394,-121.895",-121.89,807,AT&T Services,-,California,2014-09-05T18:46:32
2657eb84-0a1f-45aa-9450-990c1b355f8b,609,Princeton,North America,United States,173.252.103.3,40.376,"40.3756,-74.6597",-74.66,504,Facebook,08540,New Jersey,2014-08-18T16:55:00
2735c76c-ce4a-4772-b692-7dc58609f004,630,Batavia,North America,United States,162.224.224.13,41.839,"41.8392,-88.3612",-88.361,602,AT&T U-verse,60510,Illinois,2014-09-03T21:17:17
aa8aa1a0-47c6-4152-bcd4-02346ed9090c,408,San Jose,North America,United States,12.111.84.106,37.339,"37.3394,-121.895",-121.89,807,AT&T Services,-,California,2014-08-18T16:54:59
b3311835-ea3c-4b60-9693-8801ba451f96,510,Fremont,North America,United States,24.6.47.213,37.516,"37.5155,-121.8962",-121.9,807,Comcast Cable,94539,California,2014-09-11T07:21:06
e82a4e1b-53d8-4fb8-aa71-82349bd64ec6,330,Kensington,North America,United States,173.252.110.112,40.721,"40.7212,-80.948",-80.948,536,Facebook,44427,Ohio,2014-08-25T19:48:08
37f12d76-84ec-45b2-8909-8c048e3f66d2,408,San Jose,North America,United States,12.111.84.106,37.339,"37.3394,-121.895",-121.89,807,AT&T Services,-,California,2014-09-09T01:16:56
ab444d15-1034-4e76-aacf-e7297259e8a4,330,Kensington,North America,United States,173.252.110.113,40.721,"40.7212,-80.948",-80.948,536,Facebook,44427,Ohio,2014-08-25T19:48:08
